"","Date","Open","High","Low","Close","Volume","Adjusted"
"1",2014-10-09,32.950001,32.990002,29.07,30.1,8259700,30.1
"2",2014-10-10,30,30.25,28,29.049999,1619600,29.049999
"3",2014-10-13,29.1,29.23,25.790001,27.25,423100,27.25
"4",2014-10-14,27.26,29.85,26.950001,29.84,228800,29.84
"5",2014-10-15,29.41,29.6,27.120001,27.5,273300,27.5
"6",2014-10-16,26.959999,30.719999,26.559999,30.17,331600,30.17
"7",2014-10-17,31,31.23,30.013,30.66,103200,30.66
"8",2014-10-20,30.969999,31.200001,30.313,31.200001,85100,31.200001
"9",2014-10-21,31.299999,31.299999,29.610001,30.200001,170800,30.200001
"10",2014-10-22,30.5,30.57,29.969999,30.02,84700,30.02
"11",2014-10-23,30,32.290001,30,31.700001,138400,31.700001
"12",2014-10-24,31.65,33.419998,31.42,32.110001,189400,32.110001
"13",2014-10-27,32.25,33.5,32.119999,33.060001,183800,33.060001
"14",2014-10-28,33.5,34.5,32.07,33.849998,115400,33.849998
"15",2014-10-29,34,34.587002,33.312,34.32,97200,34.32
"16",2014-10-30,34.599998,34.919998,33.25,34.450001,159300,34.450001
"17",2014-10-31,34.91,36,34.080002,35.630001,168800,35.630001
"18",2014-11-03,36.130001,36.130001,34.049999,34.939999,259600,34.939999
"19",2014-11-04,35.25,36.59,35.25,36.509998,164800,36.509998
"20",2014-11-05,36,36.759998,35.478001,36.419998,197600,36.419998
"21",2014-11-06,36.450001,36.580002,36.16,36.290001,112400,36.290001
"22",2014-11-07,36.18,37.580002,35.610001,36.700001,162400,36.700001
"23",2014-11-10,36.700001,37.549999,35.619999,36.52,140100,36.52
"24",2014-11-11,36.700001,37.039001,36.040001,36.369999,84700,36.369999
"25",2014-11-12,36.02,36.34,35.220001,35.41,107800,35.41
"26",2014-11-13,37.150002,38.599998,36.5,36.689999,267000,36.689999
"27",2014-11-14,37.599998,37.810001,36.060001,37,130000,37
"28",2014-11-17,37.209999,37.389999,35.790001,36.869999,123900,36.869999
"29",2014-11-18,36.82,37.18,36.299999,36.860001,117000,36.860001
"30",2014-11-19,36.950001,36.950001,34.259998,35.889999,206100,35.889999
"31",2014-11-20,35.849998,36.099998,35.41,36.040001,63900,36.040001
"32",2014-11-21,36.099998,36.59,35.68,36.189999,122600,36.189999
"33",2014-11-24,36.630001,37.450001,36.02,36.689999,369900,36.689999
"34",2014-11-25,36.630001,36.790001,35.759998,35.799999,157000,35.799999
"35",2014-11-26,35.77,36.119999,35,35.5,91800,35.5
"36",2014-11-28,35.200001,35.5,34.98,35.389999,39800,35.389999
"37",2014-12-01,35.119999,35.209999,33.34,34.049999,139300,34.049999
"38",2014-12-02,34.27,34.534,32.93,33.59,183700,33.59
"39",2014-12-03,33.77,33.830002,32.09,32.529999,143500,32.529999
"40",2014-12-04,32.470001,32.987,32.310001,32.790001,135200,32.790001
"41",2014-12-05,32.889999,33.450001,32.610001,33.310001,84700,33.310001
"42",2014-12-08,33.029999,34.139999,33.029999,33.990002,113400,33.990002
"43",2014-12-09,33.25,34.98,33.07,34.740002,129000,34.740002
"44",2014-12-10,34.43,35.25,33.810001,34.150002,97700,34.150002
"45",2014-12-11,34.560001,35.259998,33,33.52,92800,33.52
"46",2014-12-12,33.740002,33.830002,32.240002,33.02,204500,33.02
"47",2014-12-15,33.16,34.52,31.01,32.34,175600,32.34
"48",2014-12-16,32.099998,32.400002,31.43,32.02,215000,32.02
"49",2014-12-17,32.080002,34.02,31.145,33.759998,248100,33.759998
"50",2014-12-18,34.5,34.759998,33.310001,34.029999,180700,34.029999
"51",2014-12-19,34.299999,34.314999,33.509998,33.529999,753200,33.529999
"52",2014-12-22,33.5,34.029999,32.669998,33.189999,109500,33.189999
"53",2014-12-23,33.18,34.099998,32.66,34,89900,34
"54",2014-12-24,34.139999,34.139999,33.34,33.52,77000,33.52
"55",2014-12-26,33.57,33.810001,33.400002,33.59,43600,33.59
"56",2014-12-29,33.509998,34.369999,33.5,34.09,84100,34.09
"57",2014-12-30,33.880001,34.52,32.900002,33.59,78400,33.59
"58",2014-12-31,33.580002,33.900002,33.509998,33.610001,45300,33.610001
"59",2015-01-02,33.919998,34.09,32.900002,33.48,66800,33.48
"60",2015-01-05,33.459999,34.07,32.900002,33.41,80400,33.41
"61",2015-01-06,33.439999,33.889999,32.18,32.93,134100,32.93
"62",2015-01-07,33.099998,33.450001,32.52,33.029999,98300,33.029999
"63",2015-01-08,33.150002,33.970001,33.130001,33.669998,53000,33.669998
"64",2015-01-09,33.32,35.59,32.610001,33.139999,221500,33.139999
"65",2015-01-12,33.220001,33.610001,32.830002,33.049999,98800,33.049999
"66",2015-01-13,33.119999,34,32.07,32.529999,121000,32.529999
"67",2015-01-14,32.150002,32.830002,31.790001,32.52,193500,32.52
"68",2015-01-15,32.509998,33.150002,31.790001,32.529999,103300,32.529999
"69",2015-01-16,32.5,33.369999,32.419998,33.299999,117000,33.299999
"70",2015-01-20,33.470001,34.470001,32.650002,33.84,119700,33.84
"71",2015-01-21,33.799999,34.5,33.66,33.84,210800,33.84
"72",2015-01-22,34.110001,35.366001,33.529999,34.990002,126200,34.990002
"73",2015-01-23,35,35.119999,33.200001,33.509998,120100,33.509998
"74",2015-01-26,33.970001,34.09,32.540001,33.169998,153400,33.169998
"75",2015-01-27,32.700001,34.310001,31.77,34.18,147200,34.18
"76",2015-01-28,34.48,35.380001,34.450001,34.720001,125000,34.720001
"77",2015-01-29,34.84,35.380001,34.049999,34.990002,60900,34.990002
"78",2015-01-30,34.66,34.849998,33.619999,33.650002,48800,33.650002
"79",2015-02-02,33.959999,33.959999,32.509998,33.290001,89000,33.290001
"80",2015-02-03,33.540001,35.119999,33.52,34.389999,96500,34.389999
"81",2015-02-04,34.060001,35,34.060001,34.57,78200,34.57
"82",2015-02-05,34.349998,36.099998,34.349998,35.709999,99300,35.709999
"83",2015-02-06,35.52,35.990002,35.18,35.200001,42400,35.200001
"84",2015-02-09,34.950001,35.040001,34.060001,34.09,55600,34.09
"85",2015-02-10,34.400002,35.490002,34.200001,34.759998,75800,34.759998
"86",2015-02-11,35,35.435001,33.900002,34.419998,135300,34.419998
"87",2015-02-12,37.700001,39,34.439999,37.07,379600,37.07
"88",2015-02-13,37.27,43.48,37.139999,43.290001,391400,43.290001
"89",2015-02-17,43.599998,43.619999,41.540001,42.32,197000,42.32
"90",2015-02-18,42.490002,42.490002,40.66,41,183900,41
"91",2015-02-19,41.009998,42.209999,40.889999,41.189999,119400,41.189999
"92",2015-02-20,41.169998,44.34,40.41,43.470001,125900,43.470001
"93",2015-02-23,43.98,43.98,41.740002,42.27,95100,42.27
"94",2015-02-24,42.349998,42.715,40.57,40.73,198600,40.73
"95",2015-02-25,40.830002,41.68,40.27,41.439999,98400,41.439999
"96",2015-02-26,41.610001,42,40.849998,41.439999,91800,41.439999
"97",2015-02-27,41.709999,41.75,40.900002,41.09,151100,41.09
"98",2015-03-02,41.220001,41.689999,40.709999,41.639999,132700,41.639999
"99",2015-03-03,41.77,42.119999,41.009998,41.580002,146300,41.580002
"100",2015-03-04,41.32,41.32,39.779999,40.220001,148000,40.220001
"101",2015-03-05,40.349998,40.349998,39.23,39.439999,104600,39.439999
"102",2015-03-06,38.799999,39.009998,38.299999,38.720001,107200,38.720001
"103",2015-03-09,39,39.43,38.259998,39.27,84000,39.27
"104",2015-03-10,39.220001,40.189999,38.560001,39.310001,108400,39.310001
"105",2015-03-11,39.360001,40.080002,38.59,39.040001,154600,39.040001
"106",2015-03-12,39.240002,40.709999,38.880001,40.599998,150800,40.599998
"107",2015-03-13,40,40.200001,39.130001,39.400002,143200,39.400002
"108",2015-03-16,39.380001,39.380001,37.689999,38.43,209900,38.43
"109",2015-03-17,38,38.200001,36.549999,37.310001,344700,37.310001
"110",2015-03-18,39.040001,41.98,38.73,41.759998,2550300,41.759998
"111",2015-03-19,41.459999,43.290001,41.400002,42.25,500500,42.25
"112",2015-03-20,42.459999,42.514999,40.200001,41.419998,400200,41.419998
"113",2015-03-23,41.490002,42.23,41.080002,41.119999,130500,41.119999
"114",2015-03-24,40.709999,41.23,39.880001,39.93,175400,39.93
"115",2015-03-25,40.150002,40.220001,37.900002,38,255800,38
"116",2015-03-26,37.990002,38.82,37.560001,38.490002,159600,38.490002
"117",2015-03-27,38.400002,39.200001,38.099998,38.900002,163200,38.900002
"118",2015-03-30,39.209999,40.360001,38.91,40.16,104100,40.16
"119",2015-03-31,39.709999,40.830002,39.560001,39.900002,167700,39.900002
"120",2015-04-01,39.900002,40.09,39.299999,39.669998,49500,39.669998
"121",2015-04-02,39.580002,40.18,38.919998,39.18,62700,39.18
"122",2015-04-06,38.610001,40.09,38.290001,39.240002,145700,39.240002
"123",2015-04-07,39.400002,40.18,39.279999,39.509998,141100,39.509998
"124",2015-04-08,38.700001,39.84,37.75,38.939999,1066800,38.939999
"125",2015-04-09,38.73,39.259998,37.240002,38,448300,38
"126",2015-04-10,37.98,38.75,37.860001,38.540001,447700,38.540001
"127",2015-04-13,38.540001,38.84,37.93,38.759998,230700,38.759998
"128",2015-04-14,38.419998,38.950001,37.98,38.84,159300,38.84
"129",2015-04-15,38.950001,39.630001,38.742001,39.509998,329300,39.509998
"130",2015-04-16,39.450001,39.93,38.91,39.580002,239100,39.580002
"131",2015-04-17,39.189999,39.189999,38.220001,39.099998,131300,39.099998
"132",2015-04-20,39.029999,39.709999,38.810001,39.599998,116200,39.599998
"133",2015-04-21,40,41.814999,39.830002,40.279999,340700,40.279999
"134",2015-04-22,40.189999,40.34,38.82,39.16,102700,39.16
"135",2015-04-23,39.150002,39.889999,38.66,39.650002,159900,39.650002
"136",2015-04-24,39.57,39.580002,38.849998,39.060001,131300,39.060001
"137",2015-04-27,38.740002,39.310001,38.099998,39.16,191700,39.16
"138",2015-04-28,38.759998,39.470001,38.490002,39.209999,112800,39.209999
"139",2015-04-29,38.75,39.616001,38.75,39.509998,110700,39.509998
"140",2015-04-30,39.07,39.119999,38.439999,38.709999,89200,38.709999
"141",2015-05-01,38.889999,39.200001,38.325001,38.849998,124200,38.849998
"142",2015-05-04,38.779999,40.560001,38.580002,40.189999,195600,40.189999
"143",2015-05-05,40.02,40.950001,39.09,39.810001,249500,39.810001
"144",2015-05-06,39.82,40.630001,39.25,40.25,229800,40.25
"145",2015-05-07,42.049999,48,42.049999,47.900002,1162000,47.900002
"146",2015-05-08,47.98,48.849998,45.099998,46.75,462300,46.75
"147",2015-05-11,45.110001,46.43,43.389999,46.060001,580600,46.060001
"148",2015-05-12,45.419998,48.709999,44.509998,48.470001,315800,48.470001
"149",2015-05-13,48.5,49.5,48.040001,49.049999,160000,49.049999
"150",2015-05-14,49.32,51,48.594002,48.799999,213000,48.799999
"151",2015-05-15,48.830002,49.240002,47.619999,49.110001,113900,49.110001
"152",2015-05-18,48.880001,50.139999,48.549999,49.310001,144500,49.310001
"153",2015-05-19,49.43,51.27,49.34,50.799999,207300,50.799999
"154",2015-05-20,50.900002,52.330002,50.900002,52.18,180100,52.18
"155",2015-05-21,52.029999,53.630001,52.029999,53.32,153100,53.32
"156",2015-05-22,53.32,54.919998,53.040001,53.200001,170500,53.200001
"157",2015-05-26,53.119999,53.139999,51.880001,52.48,174700,52.48
"158",2015-05-27,52.48,53.130001,52.110001,52.91,176900,52.91
"159",2015-05-28,52.91,53.610001,51.673,51.959999,169900,51.959999
"160",2015-05-29,52.450001,52.759998,50.040001,50.799999,433100,50.799999
"161",2015-06-01,50.709999,50.98,49.369999,50.130001,171200,50.130001
"162",2015-06-02,49.41,49.41,46.169998,48.869999,883100,48.869999
"163",2015-06-03,49.139999,50.009998,48.805,49.470001,458800,49.470001
"164",2015-06-04,49.080002,49.950001,47.98,49.450001,215900,49.450001
"165",2015-06-05,49.18,50.34,47.66,50.25,943900,50.25
"166",2015-06-08,49.200001,50.48,48.849998,50.150002,741200,50.150002
"167",2015-06-09,50.349998,50.459999,49.509998,50.259998,403900,50.259998
"168",2015-06-10,50.369999,51.029999,49.82,50.759998,366300,50.759998
"169",2015-06-11,50.650002,51.110001,49.93,50.57,230900,50.57
"170",2015-06-12,50.25,51.080002,49.919998,50.82,424400,50.82
"171",2015-06-15,50.099998,51.650002,48.540001,51.040001,546600,51.040001
"172",2015-06-16,50.869999,51.509998,50.16,50.950001,281000,50.950001
"173",2015-06-17,51.139999,52.200001,50.959999,51.599998,432300,51.599998
"174",2015-06-18,51.439999,51.860001,50.720001,51.099998,377500,51.099998
"175",2015-06-19,51.009998,51.080002,49.32,49.540001,734500,49.540001
"176",2015-06-22,49.540001,51.529999,49.540001,51.220001,377000,51.220001
"177",2015-06-23,51.130001,51.169998,49.849998,50.66,345600,50.66
"178",2015-06-24,50.669998,51.02,50.02,50.279999,266400,50.279999
"179",2015-06-25,50.299999,50.790001,48.689999,50.759998,626600,50.759998
"180",2015-06-26,50.619999,50.93,48.830002,49.240002,1140100,49.240002
"181",2015-06-29,48.740002,49.150002,47.990002,48.580002,220100,48.580002
"182",2015-06-30,48.48,49.700001,48.380001,49.580002,235000,49.580002
"183",2015-07-01,49.98,50.099998,48.5,49.150002,252900,49.150002
"184",2015-07-02,49,49.110001,47.259998,47.549999,217700,47.549999
"185",2015-07-06,47.32,47.990002,46.98,47.93,211400,47.93
"186",2015-07-07,47.740002,48.98,46.709999,48.639999,358700,48.639999
"187",2015-07-08,49.130001,50.169998,48.639999,49.709999,232200,49.709999
"188",2015-07-09,49.869999,50.959999,49.619999,50,150900,50
"189",2015-07-10,50.529999,50.919998,50.215,50.459999,210100,50.459999
"190",2015-07-13,50.68,51.080002,49.23,50.77,218000,50.77
"191",2015-07-14,50.860001,51.400002,50.720001,51.009998,92400,51.009998
"192",2015-07-15,50.939999,51.450001,49.700001,50.029999,147800,50.029999
"193",2015-07-16,50.220001,52.200001,50.076,51.669998,212000,51.669998
"194",2015-07-17,51.799999,51.799999,50.945999,51.279999,74400,51.279999
"195",2015-07-20,51.32,51.720001,50.5,50.740002,96700,50.740002
"196",2015-07-21,50.650002,51.130001,49.73,50.759998,81000,50.759998
"197",2015-07-22,50.799999,51.759998,50.779999,51.75,135500,51.75
"198",2015-07-23,51.900002,52.869999,51.529999,52.669998,264900,52.669998
"199",2015-07-24,52.830002,53.619999,52.395,53.299999,343200,53.299999
"200",2015-07-27,52.799999,52.849998,51.790001,52.77,178800,52.77
"201",2015-07-28,53.139999,53.950001,51.959999,52.950001,131300,52.950001
"202",2015-07-29,52.720001,55.07,51.945,54.119999,269900,54.119999
"203",2015-07-30,53.880001,54.009998,52.099998,53.540001,189400,53.540001
"204",2015-07-31,53.529999,54.689999,53.040001,53.950001,193200,53.950001
"205",2015-08-03,53.450001,54.099998,51.516998,52.529999,296500,52.529999
"206",2015-08-04,52.639999,53.169998,52.349998,52.98,93300,52.98
"207",2015-08-05,52.299999,53.5,51.810001,52.220001,261500,52.220001
"208",2015-08-06,52.139999,52.450001,50.029999,50.509998,248200,50.509998
"209",2015-08-07,54,54,48.610001,49.66,711300,49.66
"210",2015-08-10,49.130001,51.43,48.650002,51.099998,383100,51.099998
"211",2015-08-11,50.509998,50.540001,46.890999,47.84,390300,47.84
"212",2015-08-12,47.34,47.34,44.82,45.66,320200,45.66
"213",2015-08-13,45.68,47.049999,45.009998,46.23,239600,46.23
"214",2015-08-14,46.32,48.25,45.860001,48.009998,254700,48.009998
"215",2015-08-17,47.950001,48.18,46.459999,47.869999,199400,47.869999
"216",2015-08-18,47.689999,47.925999,46.799999,46.900002,105700,46.900002
"217",2015-08-19,46.900002,47.169998,46.360001,46.509998,94200,46.509998
"218",2015-08-20,46,46.450001,45.330002,45.98,244200,45.98
"219",2015-08-21,44.009998,45.25,42.41,43.389999,316500,43.389999
"220",2015-08-24,40.939999,44.150002,40.049999,42.740002,353200,42.740002
"221",2015-08-25,43.580002,44.029999,42.790001,43.02,239500,43.02
"222",2015-08-26,44.16,44.799999,43.240002,44.639999,262000,44.639999
"223",2015-08-27,45.09,45.91,44.07,45.150002,400400,45.150002
"224",2015-08-28,45.060001,46.450001,44.849998,46.41,247500,46.41
"225",2015-08-31,46.150002,47.73,45.82,47.290001,475600,47.290001
"226",2015-09-01,46.25,47.125,45.169998,45.349998,350500,45.349998
"227",2015-09-02,45.720001,46.014,45.029999,46,160700,46
"228",2015-09-03,46.16,46.200001,45.27,45.619999,146200,45.619999
"229",2015-09-04,45.02,45.110001,44.009998,44.52,112400,44.52
"230",2015-09-08,44.889999,46.990002,44.880001,46.860001,219000,46.860001
"231",2015-09-09,47,47,46.07,46.130001,179900,46.130001
"232",2015-09-10,46.619999,47.459999,46.060001,46.869999,230200,46.869999
"233",2015-09-11,46.779999,49.099998,46.259998,49.07,560700,49.07
"234",2015-09-14,49.02,49.02,46.77,47.349998,383500,47.349998
"235",2015-09-15,47.310001,48.189999,46.900002,47.950001,226400,47.950001
"236",2015-09-16,48.150002,48.700001,47.84,48.599998,199100,48.599998
"237",2015-09-17,48.5,50.599998,48.43,50.580002,403000,50.580002
"238",2015-09-18,50.5,52.416,50.25,51.650002,804200,51.650002
"239",2015-09-21,51.200001,52.799999,50,51.849998,657100,51.849998
"240",2015-09-22,51.130001,51.639999,50.860001,51.380001,186500,51.380001
"241",2015-09-23,51.32,52.317001,49.889999,50.950001,668700,50.950001
"242",2015-09-24,50.639999,50.705002,49.279999,50.02,237900,50.02
"243",2015-09-25,50.130001,50.68,47.709999,48.419998,355000,48.419998
"244",2015-09-28,48,48.48,47.330002,47.950001,343900,47.950001
"245",2015-09-29,47.509998,48.110001,47.275002,47.5,315000,47.5
"246",2015-09-30,47.790001,48.27,45.299999,46.369999,371200,46.369999
"247",2015-10-01,46.32,46.860001,44.360001,45.740002,420100,45.740002
"248",2015-10-02,45.369999,46.639999,44.549999,46.439999,151800,46.439999
"249",2015-10-05,46.610001,47.82,46.52,47.580002,257000,47.580002
"250",2015-10-06,47.849998,48.25,46.369999,47.23,177100,47.23
"251",2015-10-07,47.330002,47.82,46.290001,47.279999,157000,47.279999
"252",2015-10-08,47.310001,47.470001,46.540001,47.34,135600,47.34
"253",2015-10-09,47.549999,48.700001,47.5,48.560001,201700,48.560001
"254",2015-10-12,48.5,49.349998,48.040001,48.799999,126400,48.799999
"255",2015-10-13,48.700001,49.09,48.310001,48.389999,141900,48.389999
"256",2015-10-14,48.470001,48.68,47.009998,47.93,129100,47.93
"257",2015-10-15,48.32,49.119999,48.07,48.639999,211100,48.639999
"258",2015-10-16,48.91,49.389999,48.540001,49.369999,206100,49.369999
"259",2015-10-19,49.299999,50,48.82,49.700001,147800,49.700001
"260",2015-10-20,49.709999,49.93,48.09,48.650002,121300,48.650002
"261",2015-10-21,48.669998,48.720001,47.209999,47.560001,124000,47.560001
"262",2015-10-22,47.880001,49.380001,47.52,48.73,115900,48.73
"263",2015-10-23,48.98,49.970001,48.48,49.349998,197800,49.349998
"264",2015-10-26,49.41,50,48.720001,49.66,247600,49.66
"265",2015-10-27,49.5,49.970001,48.610001,48.98,223600,48.98
"266",2015-10-28,49.34,50.619999,48.84,50.130001,353800,50.130001
"267",2015-10-29,50.119999,51.5,50.07,50.799999,229600,50.799999
"268",2015-10-30,50.93,52.990002,50.720001,51.880001,376400,51.880001
"269",2015-11-02,51.720001,52.919998,49.73,52.419998,375800,52.419998
"270",2015-11-03,52.380001,52.439999,51.09,52.110001,330300,52.110001
"271",2015-11-04,52.18,53.57,52.125,53.110001,445400,53.110001
"272",2015-11-05,54.509998,58.419998,50.459999,53.639999,654900,53.639999
"273",2015-11-06,51.5,53.400002,50.48,52.939999,585600,52.939999
"274",2015-11-09,52.380001,53.389999,51.540001,52.950001,696000,52.950001
"275",2015-11-10,51.400002,53.330002,51.009998,52.990002,308000,52.990002
"276",2015-11-11,53.189999,53.380001,51.57,51.700001,316800,51.700001
"277",2015-11-12,51.66,53.23,50.779999,53.029999,383700,53.029999
"278",2015-11-13,53.060001,53.189999,51.93,52.490002,277200,52.490002
"279",2015-11-16,52.299999,52.700001,51.540001,52.150002,189800,52.150002
"280",2015-11-17,52.299999,52.98,52,52.470001,168000,52.470001
"281",2015-11-18,52.419998,53.029999,51.32,52.91,862100,52.91
"282",2015-11-19,52.900002,53.779999,52.630001,52.970001,382600,52.970001
"283",2015-11-20,53,53.68,52.380001,53.169998,210700,53.169998
"284",2015-11-23,53.259998,54.75,52.860001,53.93,430400,53.93
"285",2015-11-24,53.700001,55,53.389999,54.599998,258200,54.599998
"286",2015-11-25,54.490002,56.220001,54.139999,55.439999,346200,55.439999
"287",2015-11-27,55.5,55.98,55.27,55.900002,179100,55.900002
"288",2015-11-30,55.880001,56.130001,54.169998,54.209999,265500,54.209999
"289",2015-12-01,53.57,55.889999,52.73,55.650002,249400,55.650002
"290",2015-12-02,55.93,56.84,55.119999,56.32,204500,56.32
"291",2015-12-03,56.75,58.299999,56.43,57.580002,517600,57.580002
"292",2015-12-04,57.360001,59.029999,57.310001,59.02,284300,59.02
"293",2015-12-07,58.759998,59.189999,58.299999,58.919998,298300,58.919998
"294",2015-12-08,58.349998,59.68,57.560001,59.330002,237800,59.330002
"295",2015-12-09,59.200001,60.110001,58.669998,59.549999,475100,59.549999
"296",2015-12-10,59.509998,60.044998,57.099998,57.330002,299000,57.330002
"297",2015-12-11,56.639999,57.27,55.369999,55.790001,234400,55.790001
"298",2015-12-14,55.689999,56.23,54.299999,55.169998,271200,55.169998
"299",2015-12-15,55.580002,56.48,55.049999,55.349998,276900,55.349998
"300",2015-12-16,55.810001,56.41,54.299999,56.32,265000,56.32
"301",2015-12-17,56.619999,57.59,56.099998,57.060001,146000,57.060001
"302",2015-12-18,56.959999,57.424999,55.130001,55.209999,352100,55.209999
"303",2015-12-21,55.470001,55.5,54.709999,55.220001,118100,55.220001
"304",2015-12-22,55.48,56.029999,55.220001,55.830002,75100,55.830002
"305",2015-12-23,55.959999,56.900002,55.810001,56.650002,81500,56.650002
"306",2015-12-24,57,57.07,56.299999,56.540001,55500,56.540001
"307",2015-12-28,56.59,57.09,56.220001,56.720001,58700,56.720001
"308",2015-12-29,56.860001,57.849998,56.860001,57.650002,118200,57.650002
"309",2015-12-30,57.68,58.630001,57.619999,57.73,119200,57.73
"310",2015-12-31,57.540001,57.900002,56.27,56.310001,187000,56.310001
"311",2016-01-04,55.439999,55.98,53.599998,54.889999,250900,54.889999
"312",2016-01-05,54.77,54.959999,53.799999,54.650002,226400,54.650002
"313",2016-01-06,53.91,54.939999,53.509998,54.689999,198900,54.689999
"314",2016-01-07,53.75,53.839001,52.419998,52.759998,211700,52.759998
"315",2016-01-08,52.91,53.73,52.52,52.66,294600,52.66
"316",2016-01-11,52.470001,53.970001,51.806999,53.91,232700,53.91
"317",2016-01-12,54.549999,54.990002,52.139999,52.970001,196000,52.970001
"318",2016-01-13,52.970001,53.59,49.166,49.939999,215300,49.939999
"319",2016-01-14,49.98,51.049999,49.200001,50.509998,388800,50.509998
"320",2016-01-15,49.25,50.099998,47.869999,50.040001,239300,50.040001
"321",2016-01-19,50.48,50.487999,46.903999,47.349998,280500,47.349998
"322",2016-01-20,47.029999,48.779999,43.709999,47.990002,319200,47.990002
"323",2016-01-21,47.830002,49.099998,47.119999,48.689999,325600,48.689999
"324",2016-01-22,49.09,50,48.619999,49.07,197700,49.07
"325",2016-01-25,48.66,49.139999,45.150002,45.369999,285700,45.369999
"326",2016-01-26,45.450001,45.630001,42.25,42.950001,665500,42.950001
"327",2016-01-27,42.810001,42.849998,40.23,40.900002,379500,40.900002
"328",2016-01-28,40.700001,40.965,38.049999,40.029999,742000,40.029999
"329",2016-01-29,40,41.619999,39.709999,40.59,395800,40.59
"330",2016-02-01,40.220001,41.060001,38.779999,40.799999,221300,40.799999
"331",2016-02-02,40.5,40.860001,37.82,38,322000,38
"332",2016-02-03,38.580002,39.77,37.450001,39.610001,452600,39.610001
"333",2016-02-04,39.389999,40.549999,39.009998,39.939999,360700,39.939999
"334",2016-02-05,39.639999,40.139999,31.014999,32.009998,865300,32.009998
"335",2016-02-08,31.709999,31.858,27.74,29,687600,29
"336",2016-02-09,29.120001,31.299999,27.459999,27.52,902600,27.52
"337",2016-02-10,28.309999,29.459999,27,29.040001,1195700,29.040001
"338",2016-02-11,31.030001,34.400002,28.280001,33.02,2005100,33.02
"339",2016-02-12,33.310001,33.650002,30.27,32.220001,960800,32.220001
"340",2016-02-16,32.540001,32.779999,30.33,32.400002,537100,32.400002
"341",2016-02-17,32.669998,34.540001,32.549999,34.34,541500,34.34
"342",2016-02-18,34.34,34.759998,33.779999,34.009998,411200,34.009998
"343",2016-02-19,33.759998,34.599998,33.389999,34.18,232400,34.18
"344",2016-02-22,34.459999,36.779999,34.130001,36.709999,570300,36.709999
"345",2016-02-23,36.310001,37.439999,35.860001,36.639999,713100,36.639999
"346",2016-02-24,36.419998,37.200001,35,36.529999,322800,36.529999
"347",2016-02-25,37.25,38.799999,37.25,38.75,444100,38.75
"348",2016-02-26,39.02,40.759998,38.68,40.619999,564900,40.619999
"349",2016-02-29,40.509998,42.540001,40.34,41.66,1155900,41.66
"350",2016-03-01,41.950001,43.529999,41.330002,43.23,1378800,43.23
"351",2016-03-02,42.669998,43.490002,41.610001,43.080002,508300,43.080002
"352",2016-03-03,42.610001,43.82,42.459999,43.639999,539300,43.639999
"353",2016-03-04,43.75,44.75,43.049999,43.740002,478600,43.740002
"354",2016-03-07,43.540001,45.25,43.16,45.049999,359900,45.049999
"355",2016-03-08,44.75,45.195,44.07,44.490002,402700,44.490002
"356",2016-03-09,44.5,44.805,44.07,44.610001,232800,44.610001
"357",2016-03-10,44.580002,45.299999,44.299999,45.080002,358500,45.080002
"358",2016-03-11,45.380001,45.799999,44.810001,45.720001,301000,45.720001
"359",2016-03-14,45.200001,45.450001,44.330002,45.119999,312600,45.119999
"360",2016-03-15,44.689999,45.450001,43.48,44.09,378000,44.09
"361",2016-03-16,43.82,44.459999,43.404999,44.139999,263300,44.139999
"362",2016-03-17,44.139999,44.68,42.869999,44.369999,229400,44.369999
"363",2016-03-18,44.709999,45.819,44.709999,45.720001,615000,45.720001
"364",2016-03-21,45.73,46.560001,45.259998,46.419998,421100,46.419998
"365",2016-03-22,46.07,47.84,46.07,47.009998,298000,47.009998
"366",2016-03-23,46.849998,47.049999,45.16,45.400002,372100,45.400002
"367",2016-03-24,45.259998,45.330002,44.07,44.93,269700,44.93
"368",2016-03-28,45.07,46.68,44.709999,46.139999,182200,46.139999
"369",2016-03-29,45.939999,46.029999,45.110001,45.73,408100,45.73
"370",2016-03-30,45.5,45.689999,43.799999,44.970001,494700,44.970001
"371",2016-03-31,44.990002,45.09,41.400002,43.619999,994000,43.619999
"372",2016-04-01,43.299999,43.619999,42.380001,43.150002,291500,43.150002
"373",2016-04-04,42.509998,43.119999,41.959999,42.869999,361200,42.869999
"374",2016-04-05,42.389999,42.389999,40.57,41.950001,492100,41.950001
"375",2016-04-06,41.98,43.98,41,43.869999,496500,43.869999
"376",2016-04-07,43.209999,43.389999,41.564999,41.810001,233500,41.810001
"377",2016-04-08,42.34,42.82,41.826,42.080002,356100,42.080002
"378",2016-04-11,42.169998,43.07,41.459999,41.459999,399400,41.459999
"379",2016-04-12,41.52,41.580002,39.009998,39.57,549900,39.57
"380",2016-04-13,39.759998,40.77,39.41,40.610001,352000,40.610001
"381",2016-04-14,40.080002,40.900002,39.810001,40.82,227600,40.82
"382",2016-04-15,40.970001,42.150002,40.895,42.049999,234900,42.049999
"383",2016-04-18,42.380001,44.445,42.25,43.52,496000,43.52
"384",2016-04-19,43.540001,43.935001,42.560001,42.869999,173900,42.869999
"385",2016-04-20,42.98,43.91,42.389999,43.619999,116000,43.619999
"386",2016-04-21,43.939999,45.575001,43.599998,45.139999,452300,45.139999
"387",2016-04-22,45.080002,45.43,44.580002,44.810001,289400,44.810001
"388",2016-04-25,44.82,45.064999,44.150002,44.369999,159300,44.369999
"389",2016-04-26,44.580002,44.990002,44,44.52,295000,44.52
"390",2016-04-27,44.490002,45.040001,44.200001,45.009998,136300,45.009998
"391",2016-04-28,44.869999,45.66,44.257999,45.040001,216600,45.040001
"392",2016-04-29,45.040001,45.59,44.139999,44.290001,220400,44.290001
"393",2016-05-02,44.740002,47.23,44.27,47.220001,433200,47.220001
"394",2016-05-03,46.720001,47.18,44.945,45.810001,379800,45.810001
"395",2016-05-04,45.599998,47.02,45.275002,46.25,663600,46.25
"396",2016-05-05,47.630001,48.470001,43.07,43.689999,690300,43.689999
"397",2016-05-06,43.369999,44.709999,42.759998,44.509998,307200,44.509998
"398",2016-05-09,44.279999,44.98,42.560001,42.93,350100,42.93
"399",2016-05-10,42.970001,44.299999,42.029999,44.220001,360700,44.220001
"400",2016-05-11,44,45.23,43.900002,44.869999,239600,44.869999
"401",2016-05-12,45,45.450001,43.630001,44.259998,226700,44.259998
"402",2016-05-13,44.110001,45.43,43.98,44.299999,270400,44.299999
"403",2016-05-16,44.540001,45.470001,44.099998,45.119999,168000,45.119999
"404",2016-05-17,44.82,45.84,44.029999,44.5,227000,44.5
"405",2016-05-18,44.27,44.799999,43.720001,44.169998,154000,44.169998
"406",2016-05-19,44.240002,44.924999,43.630001,43.990002,129600,43.990002
"407",2016-05-20,44.27,46.810001,43.990002,45.66,230900,45.66
"408",2016-05-23,45.110001,45.43,43.400002,43.869999,440500,43.869999
"409",2016-05-24,44.09,45.73,44.049999,45.459999,316200,45.459999
"410",2016-05-25,45.509998,45.77,45.099998,45.529999,205100,45.529999
"411",2016-05-26,45.18,46.080002,44.689999,45.68,285000,45.68
"412",2016-05-27,45.560001,46.860001,45.130001,46.720001,257800,46.720001
"413",2016-05-31,46.950001,48.130001,46.59,47.759998,498600,47.759998
"414",2016-06-01,47.849998,50.93,47.849998,50.610001,945000,50.610001
"415",2016-06-02,50.490002,52,49.609001,52,334400,52
"416",2016-06-03,51.23,52.23,50.630001,51.869999,584900,51.869999
"417",2016-06-06,51.950001,51.990002,51.310001,51.84,281100,51.84
"418",2016-06-07,51.990002,53.080002,51.924999,52.240002,336200,52.240002
"419",2016-06-08,52.209999,52.48,51.549999,52.150002,341900,52.150002
"420",2016-06-09,50.700001,51.830002,48.970001,49.470001,512800,49.470001
"421",2016-06-10,49.509998,50.880001,48.869999,49.060001,302800,49.060001
"422",2016-06-13,48.990002,49.169998,46.209999,48.290001,540400,48.290001
"423",2016-06-14,48.130001,48.790001,47.639999,48.220001,240600,48.220001
"424",2016-06-15,48.560001,49.07,48.099998,48.439999,200700,48.439999
"425",2016-06-16,48.080002,48.599998,47.34,47.599998,230800,47.599998
"426",2016-06-17,47.700001,47.700001,45.91,46.639999,443800,46.639999
"427",2016-06-20,47.330002,48.950001,46.84,47.599998,239100,47.599998
"428",2016-06-21,47.689999,47.860001,46.450001,46.599998,218700,46.599998
"429",2016-06-22,46.75,46.82,45.810001,46.41,419200,46.41
"430",2016-06-23,47.119999,48.66,46.580002,48.66,334600,48.66
"431",2016-06-24,45,47.41,44.560001,44.939999,1542700,44.939999
"432",2016-06-27,44.77,45.41,41.630001,41.689999,532400,41.689999
"433",2016-06-28,42.459999,43.990002,42.200001,42.400002,390300,42.400002
"434",2016-06-29,42.98,44.189999,42,44.02,423400,44.02
"435",2016-06-30,44,44.18,42.790001,43.419998,334800,43.419998
"436",2016-07-01,43.360001,44.139999,43.299999,43.419998,236300,43.419998
"437",2016-07-05,42.939999,43.139999,41.950001,42.509998,144700,42.509998
"438",2016-07-06,42.119999,43.119999,41.709999,42.849998,186300,42.849998
"439",2016-07-07,42.849998,44.130001,42.830002,43.880001,219000,43.880001
"440",2016-07-08,44.48,46.439999,44.275002,46.330002,294100,46.330002
"441",2016-07-11,46.389999,49.02,46.060001,48.779999,477600,48.779999
"442",2016-07-12,49.169998,50.834999,48.919998,50.209999,607800,50.209999
"443",2016-07-13,50.540001,50.990002,49.029999,49.25,312400,49.25
"444",2016-07-14,49.25,51.91,49.25,51.759998,624700,51.759998
"445",2016-07-15,50.639999,51.580002,50.304001,51.52,225500,51.52
"446",2016-07-18,51.41,52.259998,51.16,51.759998,207800,51.759998
"447",2016-07-19,52.959999,53.130001,51.07,51.080002,274300,51.080002
"448",2016-07-20,51.709999,53.125,51.16,52.799999,325300,52.799999
"449",2016-07-21,52.75,53.290001,51.130001,51.18,269700,51.18
"450",2016-07-22,51.349998,52.740002,50.919998,52.529999,154600,52.529999
"451",2016-07-25,52.43,53.23,52.18,53.200001,210300,53.200001
"452",2016-07-26,53.41,53.740002,52.119999,52.84,170600,52.84
"453",2016-07-27,53.139999,53.139999,51.310001,51.75,300300,51.75
"454",2016-07-28,52,52.57,51.509998,52.25,437000,52.25
"455",2016-07-29,52.27,54.599998,51.41,54.59,479200,54.59
"456",2016-08-01,54.290001,54.299999,52.220001,53.869999,367400,53.869999
"457",2016-08-02,53.580002,53.66,52.740002,53.240002,386200,53.240002
"458",2016-08-03,52.490002,53.59,49.75,50.57,915700,50.57
"459",2016-08-04,54.959999,59,53.73,56.700001,1688600,56.700001
"460",2016-08-05,56.970001,58.110001,56.511002,58.040001,449500,58.040001
"461",2016-08-08,56.650002,57.959999,56.050999,57.740002,402500,57.740002
"462",2016-08-09,57.650002,58.98,57.540001,58.650002,398300,58.650002
"463",2016-08-10,58.57,59.43,58.509998,59.259998,398000,59.259998
"464",2016-08-11,59.419998,59.970001,58.950001,59.16,345100,59.16
"465",2016-08-12,59.32,59.5,58.810001,59.009998,151800,59.009998
"466",2016-08-15,59,59.970001,58.98,59.48,267300,59.48
"467",2016-08-16,58.830002,58.959999,56.939999,56.990002,436100,56.990002
"468",2016-08-17,56.990002,57.095001,55.84,56.939999,338300,56.939999
"469",2016-08-18,55.919998,56.759998,54.044998,56.290001,377100,56.290001
"470",2016-08-19,56.32,56.91,55.919998,56.299999,281000,56.299999
"471",2016-08-22,56.049999,56.060001,54.919998,55.490002,288200,55.490002
"472",2016-08-23,55.990002,57.029999,55.361,56.880001,352700,56.880001
"473",2016-08-24,57,57.189999,55.029999,55.830002,537400,55.830002
"474",2016-08-25,54.419998,56.07,54.25,55.779999,202700,55.779999
"475",2016-08-26,55.830002,56.82,55.610001,56.779999,264400,56.779999
"476",2016-08-29,56.73,57.029999,56.02,56.299999,229800,56.299999
"477",2016-08-30,56.75,57.029999,55.779999,56.02,692800,56.02
"478",2016-08-31,55.709999,56.139999,53.77,55.740002,346900,55.740002
"479",2016-09-01,54.900002,56.470001,54.889999,56.130001,179500,56.130001
"480",2016-09-02,56.34,57.029999,56.139999,57.009998,246300,57.009998
"481",2016-09-06,57,57.48,56.639999,57.450001,446900,57.450001
"482",2016-09-07,57.630001,57.98,57.209999,57.59,291000,57.59
"483",2016-09-08,57.380001,57.459999,55.869999,56.310001,239800,56.310001
"484",2016-09-09,55.630001,56.060001,53.720001,53.75,391200,53.75
"485",2016-09-12,53.16,55.220001,53.139999,55.209999,280800,55.209999
"486",2016-09-13,55.419998,55.738998,52.84,53.389999,458800,53.389999
"487",2016-09-14,53.52,55.139999,53.310001,54.5,467900,54.5
"488",2016-09-15,54.439999,55.150002,53.599998,55.139999,319100,55.139999
"489",2016-09-16,54.939999,56.139999,54.5,55.869999,1055100,55.869999
"490",2016-09-19,55.990002,56.68,54.810001,54.82,181600,54.82
"491",2016-09-20,55.150002,55.650002,54.830002,55.470001,204000,55.470001
"492",2016-09-21,55.849998,57.630001,55.700001,57.529999,227700,57.529999
"493",2016-09-22,57.880001,59.009998,57.290001,59.009998,387500,59.009998
"494",2016-09-23,58.779999,58.779999,56.52,56.77,267900,56.77
"495",2016-09-26,56.150002,56.299999,55.209999,55.279999,405000,55.279999
"496",2016-09-27,55.290001,55.880001,54.900002,55.290001,402900,55.290001
"497",2016-09-28,55.529999,56.950001,55.529999,56.919998,170500,56.919998
"498",2016-09-29,56.540001,56.900002,55.810001,56.380001,143400,56.380001
"499",2016-09-30,56.830002,57.830002,56.09,57.619999,197200,57.619999
"500",2016-10-03,57,57.700001,56.950001,57.599998,140800,57.599998
"501",2016-10-04,57.450001,58,56.493,57.549999,177800,57.549999
"502",2016-10-05,57.299999,58.650002,57.200001,58.25,208400,58.25
"503",2016-10-06,58.349998,59,57,58,430300,58
"504",2016-10-07,58,58.349998,56.724998,57.549999,196200,57.549999
"505",2016-10-10,57.400002,58.849998,57.400002,58.049999,189000,58.049999
"506",2016-10-11,57.599998,57.650002,55.5,55.650002,119900,55.650002
"507",2016-10-12,55.599998,55.849998,54.549999,54.799999,162400,54.799999
"508",2016-10-13,54.450001,54.5,53,53.650002,211400,53.650002
"509",2016-10-14,54.049999,54.700001,52.900002,53.25,233000,53.25
"510",2016-10-17,53.099998,53.549999,51.25,51.5,233500,51.5
"511",2016-10-18,52.299999,52.849998,51.450001,52,326800,52
"512",2016-10-19,53.049999,54.650002,52.5,52.849998,184400,52.849998
"513",2016-10-20,52.650002,53.5,52.400002,52.549999,181300,52.549999
"514",2016-10-21,52,53.25,51.849998,52.75,217300,52.75
"515",2016-10-24,53.299999,53.799999,53,53.450001,155100,53.450001
"516",2016-10-25,53.299999,53.5,51.950001,52.75,306600,52.75
"517",2016-10-26,52.400002,53.200001,51.75,51.900002,198900,51.900002
"518",2016-10-27,52.400002,52.849998,51.900002,52.299999,341500,52.299999
"519",2016-10-28,52.549999,53.849998,52.25,52.349998,277000,52.349998
"520",2016-10-31,53.849998,53.849998,52.049999,52.450001,443800,52.450001
"521",2016-11-01,52.450001,52.799999,50.799999,51.599998,367900,51.599998
"522",2016-11-02,50.799999,53.200001,48.549999,48.900002,689100,48.900002
"523",2016-11-03,54.900002,54.900002,49.450001,49.950001,1282500,49.950001
"524",2016-11-04,49.400002,52.099998,49.099998,50.900002,777800,50.900002
"525",2016-11-07,51.950001,54.900002,51.950001,54.450001,690400,54.450001
"526",2016-11-08,53.700001,55.25,52.950001,54.599998,269000,54.599998
"527",2016-11-09,53.450001,56.849998,53.200001,56.75,450500,56.75
"528",2016-11-10,57.25,58,55.75,57.549999,651300,57.549999
"529",2016-11-11,57.599998,58,56.950001,57.849998,408000,57.849998
"530",2016-11-14,58.099998,58.25,55.900002,56,260700,56
"531",2016-11-15,55.049999,57.049999,54.855,56.299999,181900,56.299999
"532",2016-11-16,56.150002,58.224998,55.849998,57.599998,321300,57.599998
"533",2016-11-17,57.900002,58.049999,56.849998,57.549999,300100,57.549999
"534",2016-11-18,58.150002,58.349998,57.150002,57.299999,337500,57.299999
"535",2016-11-21,57.950001,58,56.549999,57.25,195000,57.25
"536",2016-11-22,57.299999,57.900002,56.200001,57.450001,169500,57.450001
"537",2016-11-23,57.099998,58.099998,56.75,57.700001,188000,57.700001
"538",2016-11-25,57.5,58,57,57.75,109400,57.75
"539",2016-11-28,57.799999,59.200001,57.599998,58.400002,390700,58.400002
"540",2016-11-29,58.200001,58.700001,56.549999,56.75,246000,56.75
"541",2016-11-30,57.299999,57.599998,56.049999,56.099998,334500,56.099998
"542",2016-12-01,56,56.400002,52.200001,52.75,694900,52.75
"543",2016-12-02,52.549999,52.75,49,51.799999,797100,51.799999
"544",2016-12-05,52,53.200001,51.349998,51.849998,425200,51.849998
"545",2016-12-06,51.849998,52,50.450001,51.900002,590000,51.900002
"546",2016-12-07,52.200001,52.241001,50.75,51.650002,255100,51.650002
"547",2016-12-08,51.599998,52.049999,50.549999,51.900002,261100,51.900002
"548",2016-12-09,52.099998,52.349998,49.450001,49.849998,668600,49.849998
"549",2016-12-12,49.450001,50.049999,48.150002,48.950001,319800,48.950001
"550",2016-12-13,49.450001,50.049999,49.299999,49.650002,265400,49.650002
"551",2016-12-14,49.599998,49.849998,47.900002,48.700001,394100,48.700001
"552",2016-12-15,48.700001,48.75,45.349998,45.950001,1019600,45.950001
"553",2016-12-16,46.150002,47.799999,44.900002,47.400002,1020100,47.400002
"554",2016-12-19,48.849998,50.599998,47.400002,48,619800,48
"555",2016-12-20,48.150002,48.700001,47,47.950001,390800,47.950001
"556",2016-12-21,48,48.049999,46.900002,47.299999,403100,47.299999
"557",2016-12-22,47.150002,47.75,46.849998,47.450001,413600,47.450001
"558",2016-12-23,47.400002,47.75,45.650002,45.900002,247200,45.900002
"559",2016-12-27,45.849998,47.900002,45.700001,47.200001,250500,47.200001
"560",2016-12-28,47.25,47.700001,46.099998,46.150002,238400,46.150002
"561",2016-12-29,46.200001,46.950001,46.150002,46.599998,345200,46.599998
"562",2016-12-30,46.849998,47.549999,46.255001,47,489000,47
"563",2017-01-03,47.299999,48.450001,46.799999,47.849998,364800,47.849998
"564",2017-01-04,47.849998,49.900002,47.700001,49.700001,404700,49.700001
"565",2017-01-05,49.450001,51.900002,49.349998,51.349998,520200,51.349998
"566",2017-01-06,51.650002,53.25,51.450001,52.599998,502400,52.599998
"567",2017-01-09,52.650002,52.849998,51.75,52,237500,52
"568",2017-01-10,51.950001,52.900002,51.950001,51.950001,199100,51.950001
"569",2017-01-11,52.150002,53.400002,51.875,52.650002,224700,52.650002
"570",2017-01-12,51.950001,52.099998,50.900002,51.349998,344900,51.349998
"571",2017-01-13,51.349998,51.799999,50.950001,51.599998,245700,51.599998
"572",2017-01-17,51.150002,51.700001,50.25,51.049999,223400,51.049999
"573",2017-01-18,51.299999,51.299999,49.724998,50.450001,404000,50.450001
"574",2017-01-19,50.650002,51.200001,50,50.099998,215500,50.099998
"575",2017-01-20,50.400002,51.549999,49.700001,50.25,310800,50.25
"576",2017-01-23,50.25,50.75,49.5,50.200001,191100,50.200001
"577",2017-01-24,50.349998,50.950001,49.936001,50.25,243500,50.25
"578",2017-01-25,51.099998,53.400002,51.099998,53.400002,487900,53.400002
"579",2017-01-26,53.450001,53.5,51.799999,51.950001,229900,51.950001
"580",2017-01-27,52.25,52.400002,51.25,51.549999,211500,51.549999
"581",2017-01-30,50.849998,50.900002,49.5,50,309700,50
"582",2017-01-31,49.849998,51.549999,49.400002,51.299999,299100,51.299999
"583",2017-02-01,51.900002,53.299999,51.400002,52.799999,500800,52.799999
"584",2017-02-02,52.200001,53.900002,51.599998,53.599998,347300,53.599998
"585",2017-02-03,53.700001,54.450001,53.25,54.200001,366500,54.200001
"586",2017-02-06,53.799999,54.450001,53.400002,54.200001,213300,54.200001
"587",2017-02-07,54.450001,54.599998,53.700001,54.349998,143700,54.349998
"588",2017-02-08,54.049999,55,53.400002,54.950001,228900,54.950001
"589",2017-02-09,55.049999,58,54.950001,57.549999,560700,57.549999
"590",2017-02-10,57.650002,59.049999,57.450001,58.549999,800400,58.549999
"591",2017-02-13,58.75,59.099998,57.400002,57.400002,567300,57.400002
"592",2017-02-14,57.400002,57.75,56,57.400002,650000,57.400002
"593",2017-02-15,57.400002,58.900002,55.799999,58.75,896400,58.75
"594",2017-02-16,58.400002,60.599998,58.400002,59.700001,638200,59.700001
"595",2017-02-17,59,60.349998,58.069,60,687000,60
"596",2017-02-21,60,62.150002,59.5,61.799999,450400,61.799999
"597",2017-02-22,61.349998,62.150002,61.200001,61.849998,288700,61.849998
"598",2017-02-23,61.849998,62.299999,60.950001,61.75,514600,61.75
"599",2017-02-24,60.849998,61.549999,59.200001,60.700001,423500,60.700001
"600",2017-02-27,60.700001,61.049999,60,60.950001,376500,60.950001
"601",2017-02-28,60.299999,60.799999,59.400002,59.5,408300,59.5
"602",2017-03-01,60.400002,60.950001,59.799999,60.650002,435600,60.650002
"603",2017-03-02,60.299999,60.474998,58.299999,58.299999,315800,58.299999
"604",2017-03-03,58.200001,58.349998,57.349998,58.099998,319300,58.099998
"605",2017-03-06,57.5,57.900002,56.5,57.400002,224300,57.400002
"606",2017-03-07,57.200001,58.150002,56.900002,57.5,181400,57.5
"607",2017-03-08,57.5,57.900002,56.849998,56.950001,174700,56.950001
"608",2017-03-09,57,58.299999,57,57.900002,209000,57.900002
"609",2017-03-10,58.25,59.299999,58.007,59.099998,255800,59.099998
"610",2017-03-13,59.400002,63.851002,59.400002,63.349998,967100,63.349998
"611",2017-03-14,62.950001,64.050003,62.5,63.450001,394200,63.450001
"612",2017-03-15,63.849998,65.400002,63.599998,65.300003,474400,65.300003
"613",2017-03-16,65.5,66.099998,64.375,65.349998,483300,65.349998
"614",2017-03-17,65.550003,65.75,64.150002,64.699997,1318300,64.699997
"615",2017-03-20,64.650002,64.900002,63.349998,64.300003,473900,64.300003
"616",2017-03-21,63,64.650002,61.299999,61.549999,433600,61.549999
"617",2017-03-22,61.549999,61.549999,59.299999,59.5,655500,59.5
"618",2017-03-23,59.450001,60.299999,59.25,60.200001,247700,60.200001
"619",2017-03-24,60.75,61.349998,59.900002,60.549999,154600,60.549999
"620",2017-03-27,59.549999,60.5,57.650002,60.150002,405400,60.150002
"621",2017-03-28,60.400002,60.400002,58.549999,59.299999,486100,59.299999
"622",2017-03-29,59.200001,59.525002,58.099998,58.150002,469200,58.150002
"623",2017-03-30,58,58.200001,56.950001,58.200001,634300,58.200001
"624",2017-03-31,60.099998,61.150002,59.299999,60.549999,595500,60.549999
"625",2017-04-03,60.549999,61.599998,59.950001,61.349998,364200,61.349998
"626",2017-04-04,61.400002,61.950001,59.900002,60.299999,322700,60.299999
"627",2017-04-05,60.549999,61.299999,60.299999,60.349998,366100,60.349998
"628",2017-04-06,60.25,60.450001,58.450001,60.200001,293900,60.200001
"629",2017-04-07,60,60.25,59.150002,59.599998,299900,59.599998
"630",2017-04-10,59.700001,60.099998,59.299999,60,255300,60
"631",2017-04-11,59.700001,60,58.849998,60,173600,60
"632",2017-04-12,59.950001,60.450001,59.400002,59.5,178900,59.5
"633",2017-04-13,59.650002,62.5,59.450001,61.099998,330500,61.099998
"634",2017-04-17,61.450001,62.049999,60.900002,61.950001,173400,61.950001
"635",2017-04-18,61.799999,62.75,61.450001,62.400002,210700,62.400002
"636",2017-04-19,62.599998,64.5,62.599998,63.799999,278700,63.799999
"637",2017-04-20,64.199997,64.699997,63.849998,64.550003,216500,64.550003
"638",2017-04-21,64.550003,64.550003,63.349998,64.099998,194700,64.099998
"639",2017-04-24,64.949997,65,63.799999,64.449997,248300,64.449997
"640",2017-04-25,64.449997,66.349998,64.449997,65.800003,276000,65.800003
"641",2017-04-26,65.949997,65.949997,64.699997,64.900002,250500,64.900002
"642",2017-04-27,65.300003,67.300003,65.199997,66.5,391800,66.5
"643",2017-04-28,66.599998,67.25,65.449997,67.050003,364900,67.050003
"644",2017-05-01,67.449997,69.099998,66.5,67.099998,582200,67.099998
"645",2017-05-02,67.099998,68.949997,66.150002,66.650002,928000,66.650002
"646",2017-05-03,71,74.800003,70,71.849998,1385000,71.849998
"647",2017-05-04,70.650002,71,68.599998,70.199997,1404600,70.199997
"648",2017-05-05,70.199997,70.849998,69.25,70.650002,1042900,70.650002
"649",2017-05-08,70.5,71.349998,69.550003,69.550003,501500,69.550003
"650",2017-05-09,69.849998,70.300003,69.25,69.849998,463900,69.849998
"651",2017-05-10,69.25,70.199997,69.199997,69.849998,399900,69.849998
"652",2017-05-11,69.599998,69.599998,67.900002,69.050003,403600,69.050003
"653",2017-05-12,69.949997,70.849998,69.349998,69.449997,355200,69.449997
"654",2017-05-15,69.449997,71.349998,69.400002,71,381900,71
"655",2017-05-16,71.300003,72.050003,70.400002,70.75,463900,70.75
"656",2017-05-17,69.849998,70.125,66.050003,66.050003,516600,66.050003
"657",2017-05-18,66.199997,66.900002,65.400002,66.699997,487300,66.699997
"658",2017-05-19,67.25,69.425003,66.849998,68.300003,334500,68.300003
"659",2017-05-22,68.599998,69.650002,67.75,69.449997,372500,69.449997
"660",2017-05-23,69.900002,71.300003,69.199997,70.099998,336200,70.099998
"661",2017-05-24,70.599998,70.900002,69.5,69.550003,224700,69.550003
"662",2017-05-25,69.849998,71.199997,69.800003,70.550003,319900,70.550003
"663",2017-05-26,70.599998,71.199997,70.150002,70.949997,227000,70.949997
"664",2017-05-30,70.5,71.400002,69.75,71.099998,282500,71.099998
"665",2017-05-31,71.300003,72.650002,70.599998,72.099998,463800,72.099998
"666",2017-06-01,72.150002,73.900002,71.949997,73.849998,291000,73.849998
"667",2017-06-02,73.949997,74.949997,73.150002,74.550003,324300,74.550003
"668",2017-06-05,74.199997,75.800003,74.099998,75.199997,353900,75.199997
"669",2017-06-06,74.949997,76.5,74.599998,75.25,402300,75.25
"670",2017-06-07,75.400002,76.550003,75.050003,76.199997,386900,76.199997
"671",2017-06-08,76.5,78.5,75.650002,78,407900,78
"672",2017-06-09,78.5,78.5,70.550003,71.099998,1203200,71.099998
"673",2017-06-12,69.449997,70.099998,66.25,69.449997,1235800,69.449997
"674",2017-06-13,70.400002,71.5,68.949997,70.550003,504000,70.550003
"675",2017-06-14,70.949997,70.949997,66.900002,67.349998,648200,67.349998
"676",2017-06-15,64.849998,66.75,64.550003,65.300003,672200,65.300003
"677",2017-06-16,64.949997,67.400002,64.849998,67.300003,560800,67.300003
"678",2017-06-19,68.050003,68.650002,66.75,68.550003,391500,68.550003
"679",2017-06-20,68.550003,69.5,66.800003,67.050003,287100,67.050003
"680",2017-06-21,67.349998,68.699997,66.75,66.900002,514300,66.900002
"681",2017-06-22,67.099998,68.099998,66.099998,67.800003,268700,67.800003
"682",2017-06-23,67.849998,69.5,67.300003,68.900002,829600,68.900002
"683",2017-06-26,69.5,69.949997,68.150002,68.199997,303200,68.199997
"684",2017-06-27,68.449997,68.900002,65.599998,65.650002,469100,65.650002
"685",2017-06-28,66.300003,68.099998,64.449997,67.900002,413900,67.900002
"686",2017-06-29,67.349998,67.349998,64.050003,65.300003,498100,65.300003
"687",2017-06-30,65.25,66.349998,64.849998,65.75,281100,65.75
"688",2017-07-03,66.300003,66.300003,63.150002,63.650002,124200,63.650002
"689",2017-07-05,63.700001,64.75,63.200001,64.300003,266900,64.300003
"690",2017-07-06,63.200001,64.650002,63,63.599998,321900,63.599998
"691",2017-07-07,63.950001,65.650002,63.400002,65.199997,324100,65.199997
"692",2017-07-10,65.150002,66.75,64.925003,66,233900,66
"693",2017-07-11,66,67.800003,65.800003,67.5,297200,67.5
"694",2017-07-12,68.400002,69.650002,68.25,69.550003,568800,69.550003
"695",2017-07-13,69.699997,71.449997,69.25,71.300003,606400,71.300003
"696",2017-07-14,71.900002,72.449997,71.400002,71.900002,389800,71.900002
"697",2017-07-17,71.900002,72.900002,70.800003,72.300003,291800,72.300003
"698",2017-07-18,72.050003,72.900002,71.099998,72.199997,300600,72.199997
"699",2017-07-19,72.849998,74.099998,72.599998,74.099998,299300,74.099998
"700",2017-07-20,74.25,75.349998,73.5,73.949997,758200,73.949997
"701",2017-07-21,73.900002,74.25,73.050003,73.599998,365800,73.599998
"702",2017-07-24,73.550003,75.449997,72.900002,75.449997,523200,75.449997
"703",2017-07-25,75.650002,75.699997,74,74.800003,239900,74.800003
"704",2017-07-26,74.75,75.449997,73.349998,75.25,302300,75.25
"705",2017-07-27,76.050003,76.099998,71.349998,72.949997,465500,72.949997
"706",2017-07-28,72.349998,73.449997,72,72.550003,461400,72.550003
"707",2017-07-31,73.150002,73.650002,71.199997,72.349998,678800,72.349998
"708",2017-08-01,72.5,73.75,71.400002,73.650002,352100,73.650002
"709",2017-08-02,73.599998,73.599998,68.900002,70.099998,860800,70.099998
"710",2017-08-03,74.25,74.25,71.349998,72.099998,866500,72.099998
"711",2017-08-04,72.300003,73.050003,70.5,71.849998,476800,71.849998
"712",2017-08-07,71.849998,72.025002,70.449997,70.800003,234000,70.800003
"713",2017-08-08,70.75,70.949997,68.849998,69.349998,362800,69.349998
"714",2017-08-09,68.5,69.5,67.800003,69.300003,250600,69.300003
"715",2017-08-10,68.449997,68.800003,65.900002,65.900002,365000,65.900002
"716",2017-08-11,66.099998,67.650002,65.699997,67.349998,262800,67.349998
"717",2017-08-14,68.150002,69.949997,67.899002,69.900002,333600,69.900002
"718",2017-08-15,69.900002,69.910004,69.050003,69.5,198800,69.5
"719",2017-08-16,69.75,71.199997,69.400002,70.650002,185300,70.650002
"720",2017-08-17,70,70.849998,68,68.050003,245300,68.050003
"721",2017-08-18,67.650002,69.25,67.050003,68.199997,187300,68.199997
"722",2017-08-21,68,68.300003,67.199997,68.099998,131900,68.099998
"723",2017-08-22,68.449997,69.550003,68.099998,69.25,189300,69.25
"724",2017-08-23,68.550003,70.199997,68.550003,69.400002,190500,69.400002
"725",2017-08-24,70.050003,70.599998,69.050003,70.449997,299600,70.449997
"726",2017-08-25,70.849998,71,68.800003,68.849998,172700,68.849998
"727",2017-08-28,69,69.150002,68.055,68.599998,140800,68.599998
"728",2017-08-29,67.550003,69,67.550003,68.449997,252000,68.449997
"729",2017-08-30,68.599998,72.699997,68.5,71.949997,256200,71.949997
"730",2017-08-31,72.300003,73.650002,71.699997,73.349998,265400,73.349998
"731",2017-09-01,73.599998,74.162003,73.099998,73.150002,193300,73.150002
"732",2017-09-05,72.800003,73.150002,71.300003,72.699997,157900,72.699997
"733",2017-09-06,72.949997,73.099998,71.199997,71.699997,219500,71.699997
"734",2017-09-07,72,72.099998,71,71.099998,172700,71.099998
"735",2017-09-08,71.099998,72.550003,71.050003,71.699997,211400,71.699997
"736",2017-09-11,72.400002,73.650002,72.218002,72.949997,344400,72.949997
"737",2017-09-12,72.949997,73.25,71.050003,72.050003,283600,72.050003
"738",2017-09-13,71.949997,72.900002,71.949997,72.699997,122800,72.699997
"739",2017-09-14,72.199997,74.099998,71.5,73.400002,180800,73.400002
"740",2017-09-15,73.400002,73.731003,72.599998,73.050003,347600,73.050003
"741",2017-09-18,73.599998,76.5,73.527,75.949997,531900,75.949997
"742",2017-09-19,76,77.449997,75.449997,77.349998,302300,77.349998
"743",2017-09-20,77.400002,78,74.550003,74.550003,340100,74.550003
"744",2017-09-21,74.550003,74.949997,72.349998,74,196700,74
"745",2017-09-22,73.849998,75.099998,73.824997,74.5,179500,74.5
"746",2017-09-25,74.5,75,72.25,73.900002,278900,73.900002
"747",2017-09-26,74.150002,74.449997,71.754997,72.150002,173700,72.150002
"748",2017-09-27,75.75,82.550003,75.699997,80.199997,1396600,80.199997
"749",2017-09-28,80.400002,82.845001,79.5,81.949997,586500,81.949997
"750",2017-09-29,81.800003,84.150002,80.650002,84.050003,579600,84.050003
"751",2017-10-02,84.150002,86.900002,83.050003,84.449997,484100,84.449997
"752",2017-10-03,84.349998,85,83.099998,84.650002,510400,84.650002
"753",2017-10-04,84.099998,85.150002,82.849998,85,261500,85
"754",2017-10-05,85.150002,85.599998,84.050003,84.900002,217100,84.900002
"755",2017-10-06,84.5,85.800003,83.949997,85.800003,302300,85.800003
"756",2017-10-09,85.800003,86.400002,84,84.25,235700,84.25
"757",2017-10-10,84.849998,84.849998,83.150002,84.150002,373500,84.150002
"758",2017-10-11,84.150002,84.602997,83.324997,83.800003,221800,83.800003
"759",2017-10-12,84.050003,86.800003,83.949997,85.5,477000,85.5
"760",2017-10-13,84.050003,84.574997,82.150002,82.400002,361700,82.400002
"761",2017-10-16,82.849998,83.800003,81.5,81.800003,382500,81.800003
"762",2017-10-17,81.75,83.25,81.449997,83.199997,208400,83.199997
"763",2017-10-18,83.75,83.949997,82.050003,83.650002,227200,83.650002
"764",2017-10-19,83.349998,85,82.150002,84.949997,236800,84.949997
"765",2017-10-20,85.800003,86.099998,84.650002,85.150002,333900,85.150002
"766",2017-10-23,85.599998,85.949997,84.150002,84.449997,256600,84.449997
"767",2017-10-24,84.650002,85.550003,83.300003,84.849998,263400,84.849998
"768",2017-10-25,84.599998,85.900002,81.849998,82.550003,451500,82.550003
"769",2017-10-26,83.5,84.050003,82.599998,83.849998,245400,83.849998
"770",2017-10-27,84.800003,86.599998,83.550003,86.5,444400,86.5
"771",2017-10-30,86,86.449997,84.5,85.449997,359400,85.449997
"772",2017-10-31,85.699997,87.25,85.550003,86.550003,364800,86.550003
"773",2017-11-01,87.400002,87.849998,84.150002,85.949997,594800,85.949997
"774",2017-11-02,87.150002,88.5,82.275002,86.25,955900,86.25
"775",2017-11-03,85.650002,86.25,83.199997,83.599998,636200,83.599998
"776",2017-11-06,83.900002,86.650002,82.800003,83.449997,991000,83.449997
"777",2017-11-07,83.099998,83.525002,79.5,82.75,914200,82.75
"778",2017-11-08,82.050003,85,80.650002,84.400002,976700,84.400002
"779",2017-11-09,82.650002,82.699997,78.699997,79.550003,1097000,79.550003
"780",2017-11-10,79.400002,81.349998,79,80.400002,794300,80.400002
"781",2017-11-13,79.849998,80.5,79,79.949997,534800,79.949997
"782",2017-11-14,79.400002,80,78.25,79.449997,622300,79.449997
"783",2017-11-15,78.199997,78.849998,76.150002,77.5,792400,77.5
"784",2017-11-16,77.949997,80.400002,77.599998,78.849998,742300,78.849998
"785",2017-11-17,78.800003,80.449997,78.300003,80.099998,706400,80.099998
"786",2017-11-20,80.099998,81.25,79.050003,79.800003,505200,79.800003
"787",2017-11-21,80.300003,80.650002,78.300003,79.599998,564600,79.599998
"788",2017-11-22,79.75,81.800003,79.199997,81.349998,341700,81.349998
"789",2017-11-24,81.5,82.449997,81.150002,82,221300,82
"790",2017-11-27,82.050003,82.349998,80.5,80.5,349400,80.5
"791",2017-11-28,80.900002,82.849998,79.650002,82.699997,850700,82.699997
"792",2017-11-29,82.599998,83,78.650002,80.699997,817700,80.699997
"793",2017-11-30,81.199997,81.668999,79.550003,80.949997,642500,80.949997
"794",2017-12-01,80.5,81.25,78.227997,81.199997,423800,81.199997
"795",2017-12-04,81.599998,82.050003,76.699997,77.349998,1146200,77.349998
"796",2017-12-05,77,78.900002,73.150002,77.449997,2925000,77.449997
"797",2017-12-06,77.150002,81,77.050003,80.5,741700,80.5
"798",2017-12-07,80.5,82.900002,79.75,82.699997,488000,82.699997
"799",2017-12-08,82.75,83.599998,82.300003,82.849998,500300,82.849998
"800",2017-12-11,82.800003,84,82.699997,83.400002,270700,83.400002
"801",2017-12-12,83.199997,83.800003,82.150002,82.699997,415800,82.699997
"802",2017-12-13,83,85.650002,82.689003,85.349998,412900,85.349998
"803",2017-12-14,85.349998,87.75,85.055,87.5,585300,87.5
"804",2017-12-15,87.699997,91.400002,87.099998,90.849998,944800,90.849998
"805",2017-12-18,92.300003,93.525002,90.849998,92.949997,690600,92.949997
"806",2017-12-19,92.849998,93.5,91.900002,92.800003,500500,92.800003
"807",2017-12-20,93.449997,93.449997,89.900002,90.349998,595800,90.349998
"808",2017-12-21,90.5,90.737,88.855003,89.300003,365500,89.300003
"809",2017-12-22,89.300003,89.425003,87.199997,87.5,453700,87.5
"810",2017-12-26,86.800003,88.5,86.550003,87.900002,302800,87.900002
"811",2017-12-27,88.25,90.800003,87.75,88.900002,308900,88.900002
"812",2017-12-28,89.099998,89.849998,88.349998,89.099998,158100,89.099998
"813",2017-12-29,89.150002,89.75,88.355003,88.400002,305600,88.400002
"814",2018-01-02,88.400002,89.900002,87.849998,89.449997,341200,89.449997
"815",2018-01-03,89.400002,90.199997,87.599998,89.150002,348800,89.150002
"816",2018-01-04,89.550003,91.449997,89.099998,90.800003,298300,90.800003
"817",2018-01-05,92.199997,92.199997,90,90.5,219000,90.5
"818",2018-01-08,90.5,91.195,88.349998,90.599998,319300,90.599998
"819",2018-01-09,91,91.400002,88.949997,90.400002,254000,90.400002
"820",2018-01-10,89.650002,90.099998,88.099998,89.150002,379500,89.150002
"821",2018-01-11,89.5,91.199997,89.150002,90.900002,218900,90.900002
"822",2018-01-12,91.150002,93.300003,90.705002,92.650002,217700,92.650002
"823",2018-01-16,93.699997,94.349998,92.75,93.25,486100,93.25
"824",2018-01-17,94.349998,94.75,93.300003,94.199997,254400,94.199997
"825",2018-01-18,93.949997,97.449997,93.650002,96.300003,412400,96.300003
"826",2018-01-19,96.349998,99.449997,96.300003,99.050003,358500,99.050003
"827",2018-01-22,99.400002,101.550003,98.613998,100.900002,433600,100.900002
"828",2018-01-23,101.25,101.650002,99.849998,100.75,212200,100.75
"829",2018-01-24,100.949997,101.599998,97.199997,97.25,350400,97.25
"830",2018-01-25,98,98.699997,95.699997,98.150002,232500,98.150002
"831",2018-01-26,99.25,102,98.349998,101.699997,201000,101.699997
"832",2018-01-29,101.349998,102.300003,99.300003,100.050003,210900,100.050003
"833",2018-01-30,98.400002,98.400002,94.5,95.5,654300,95.5
"834",2018-01-31,96.599998,97.775002,96.300003,97.050003,385600,97.050003
"835",2018-02-01,96.400002,99.050003,95.300003,96.349998,295800,96.349998
"836",2018-02-02,95.349998,96.199997,93.900002,94.949997,276500,94.949997
"837",2018-02-05,93.650002,97.849998,92.400002,92.650002,368100,92.650002
"838",2018-02-06,90.800003,94.800003,90.75,94.699997,431500,94.699997
"839",2018-02-07,94.300003,97.599998,93.949997,95.75,296400,95.75
"840",2018-02-08,96.150002,96.800003,89.150002,89.25,536100,89.25
"841",2018-02-09,90.599998,92.349998,85.654999,91.050003,592200,91.050003
"842",2018-02-12,92.550003,98.150002,92,96.699997,745800,96.699997
"843",2018-02-13,96.199997,98.449997,95.555,97,725900,97
"844",2018-02-14,98,103.949997,95.75,103.150002,1177200,103.150002
"845",2018-02-15,103.449997,104.599998,101.050003,102.650002,481200,102.650002
"846",2018-02-16,101.650002,106.5,101.449997,105.75,734700,105.75
"847",2018-02-20,105,111.150002,103.599998,108.900002,855200,108.900002
"848",2018-02-21,108.849998,111.849998,108.199997,110.099998,671500,110.099998
"849",2018-02-22,111.349998,114.050003,110,110.699997,635300,110.699997
"850",2018-02-23,111.099998,111.704002,109.550003,111.25,397100,111.25
"851",2018-02-26,111.449997,113.25,111.400002,111.949997,333700,111.949997
"852",2018-02-27,112.5,114.894997,112,112.050003,592100,112.050003
"853",2018-02-28,112.699997,113.400002,110.654999,111.050003,418400,111.050003
"854",2018-03-01,111.25,113.650002,108.5,112.150002,722400,112.150002
"855",2018-03-02,110.099998,117.349998,110,116.849998,469700,116.849998
"856",2018-03-05,115.599998,117.099998,114.099998,116.800003,574800,116.800003
"857",2018-03-06,117,118.599998,116.349998,118.349998,417200,118.349998
"858",2018-03-07,117.800003,120.800003,116.900002,120,494400,120
"859",2018-03-08,118.800003,121.025002,118,119.25,928600,119.25
"860",2018-03-09,120.400002,122.25,119.550003,120.5,573800,120.5
"861",2018-03-12,118.099998,118.849998,115.324997,116.300003,649600,116.300003
"862",2018-03-13,116,116.75,113.650002,115.75,552300,115.75
"863",2018-03-14,116.300003,119.699997,113.550003,118.199997,511900,118.199997
"864",2018-03-15,118.400002,119.195,115.599998,116.449997,567100,116.449997
"865",2018-03-16,116.699997,117.5,115.75,117.300003,478100,117.300003
"866",2018-03-19,116.699997,118.699997,114.974998,117.449997,600700,117.449997
"867",2018-03-20,117.449997,119.25,116.849998,118.400002,412300,118.400002
"868",2018-03-21,119.5,124.449997,118.772003,120.099998,1052700,120.099998
"869",2018-03-22,118.050003,120.699997,115.25,117.449997,445800,117.449997
"870",2018-03-23,117.550003,117.550003,111.550003,111.599998,780200,111.599998
"871",2018-03-26,114.650002,115.599998,112.780998,115.449997,476400,115.449997
"872",2018-03-27,116,117.699997,108.050003,109.449997,1032900,109.449997
"873",2018-03-28,108.849998,109.25,105,107.449997,1073700,107.449997
"874",2018-03-29,108,110.150002,105.550003,108.300003,670100,108.300003
"875",2018-04-02,107.650002,109.949997,105.837997,107.5,487800,107.5
"876",2018-04-03,108,110.099998,107.305,109.099998,553800,109.099998
"877",2018-04-04,106.449997,111.550003,106.150002,110.900002,342700,110.900002
"878",2018-04-05,112.150002,113.300003,110.550003,111.349998,400200,111.349998
"879",2018-04-06,110,111.800003,108.400002,108.550003,229800,108.550003
"880",2018-04-09,109.199997,112,108.550003,108.800003,445900,108.800003
"881",2018-04-10,110.650002,113.400002,109.25,111.800003,234000,111.800003
"882",2018-04-11,111.050003,114.75,110.400002,111.800003,396600,111.800003
"883",2018-04-12,112.599998,114.550003,111.949997,112.150002,435700,112.150002
"884",2018-04-13,112.949997,114.544998,109.650002,111.150002,308600,111.150002
"885",2018-04-16,111.550003,112.699997,109,111.599998,336900,111.599998
"886",2018-04-17,112.599998,116.349998,112.550003,115.699997,322300,115.699997
"887",2018-04-18,116.650002,117.599998,113.800003,117.050003,484000,117.050003
"888",2018-04-19,116.099998,116.75,114.800003,115.699997,410800,115.699997
"889",2018-04-20,114.300003,115.199997,112.199997,113.599998,549400,113.599998
"890",2018-04-23,112.550003,112.949997,107.900002,109.849998,913700,109.849998
"891",2018-04-24,110.800003,111.599998,104.875,106.050003,773100,106.050003
"892",2018-04-25,106.050003,106.349998,101.449997,105.300003,1563000,105.300003
"893",2018-04-26,106.800003,109.800003,104.800003,109.449997,684700,109.449997
"894",2018-04-27,110,110,105.75,107.849998,700200,107.849998
"895",2018-04-30,108.599998,109.300003,105.349998,105.900002,446100,105.900002
"896",2018-05-01,105.150002,106.199997,104.099998,105.300003,645100,105.300003
"897",2018-05-02,105.300003,107.849998,104.849998,106.800003,540300,106.800003
"898",2018-05-03,106.349998,108.599998,105.349998,107.900002,339100,107.900002
"899",2018-05-04,107.300003,111.150002,106.650002,110.050003,423900,110.050003
"900",2018-05-07,110.800003,113.050003,110.349998,111.300003,376800,111.300003
"901",2018-05-08,111.099998,113.550003,110.550003,112.699997,528900,112.699997
"902",2018-05-09,113.25,115.800003,112.849998,115.199997,518500,115.199997
"903",2018-05-10,115.949997,119.050003,115.849998,117.650002,1062300,117.650002
"904",2018-05-11,120.550003,120.650002,110.150002,114.650002,1600700,114.650002
"905",2018-05-14,114.800003,117.099998,109.300003,110,760700,110
"906",2018-05-15,109.099998,111.099998,106.949997,110.599998,742100,110.599998
"907",2018-05-16,110.550003,111,108.449997,109.900002,464600,109.900002
"908",2018-05-17,109.900002,111.150002,108.900002,110.349998,288500,110.349998
"909",2018-05-18,110.400002,113.949997,110,113.550003,406200,113.550003
"910",2018-05-21,114.699997,116.099998,112.699997,113.949997,430100,113.949997
"911",2018-05-22,114.150002,114.550003,113.400002,114.050003,544800,114.050003
"912",2018-05-23,113.199997,115.599998,112.550003,115.599998,264200,115.599998
"913",2018-05-24,115.599998,117.099998,115.050003,116.349998,327300,116.349998
"914",2018-05-25,116.199997,118.5,115.900002,117.400002,367300,117.400002
"915",2018-05-29,116.349998,119.150002,116.349998,119,410500,119
"916",2018-05-30,120,122.25,119.099998,120.25,451000,120.25
"917",2018-05-31,120.349998,122.75,119.900002,121.199997,332500,121.199997
"918",2018-06-01,121.25,126.349998,121.199997,125.699997,640300,125.699997
"919",2018-06-04,125.949997,130.050003,125.205002,129.850006,610500,129.850006
"920",2018-06-05,129.850006,133.550003,129.050003,132,862000,132
"921",2018-06-06,132.399994,133.149994,130.5,132.899994,408300,132.899994
"922",2018-06-07,133.550003,133.850006,123.699997,126.699997,708500,126.699997
"923",2018-06-08,126.300003,128.699997,124.699997,128,390400,128
"924",2018-06-11,128.449997,130.5,128.350006,129.649994,906300,129.649994
"925",2018-06-12,130,132.199997,130,131.199997,437500,131.199997
"926",2018-06-13,131.899994,135.25,131.899994,132.649994,473400,132.649994
"927",2018-06-14,133.25,135.699997,132.899994,134.649994,507800,134.649994
"928",2018-06-15,133.350006,138.264999,130.649994,136.899994,618200,136.899994
"929",2018-06-18,136.449997,142.350006,135.604996,140.350006,750700,140.350006
"930",2018-06-19,139,139.600006,133.199997,138.899994,539400,138.899994
"931",2018-06-20,140.149994,143,138.350006,142.100006,461800,142.100006
"932",2018-06-21,142.550003,143,137,139.699997,508700,139.699997
"933",2018-06-22,139.449997,139.699997,133.350006,135.649994,980800,135.649994
"934",2018-06-25,133.100006,133.5,124.550003,125.949997,1114800,125.949997
"935",2018-06-26,126.599998,129.350006,125.699997,128.550003,749100,128.550003
"936",2018-06-27,128.600006,129.550003,121.5,122.349998,632800,122.349998
"937",2018-06-28,121.599998,127.400002,121.599998,126.449997,539800,126.449997
"938",2018-06-29,127.449997,128.199997,124.849998,125.400002,300600,125.400002
"939",2018-07-02,124.949997,128.199997,124.25,128.100006,351600,128.100006
"940",2018-07-03,128.550003,129,126.300003,127.199997,177300,127.199997
"941",2018-07-05,127.400002,129.649994,127.050003,128.75,383200,128.75
"942",2018-07-06,128.800003,131.800003,128.399994,130,523800,130
"943",2018-07-09,131.300003,132.274994,128.850006,131.100006,378400,131.100006
"944",2018-07-10,130.649994,131.875,129.199997,129.300003,236200,129.300003
"945",2018-07-11,127.800003,130.199997,126.275002,127.699997,510800,127.699997
"946",2018-07-12,129,133.100006,129,132.350006,394600,132.350006
"947",2018-07-13,132.149994,133.029999,130.699997,131.949997,228600,131.949997
"948",2018-07-16,131.800003,133.800003,131.350006,132.350006,321900,132.350006
"949",2018-07-17,131.5,134.149994,130.449997,133.699997,326700,133.699997
"950",2018-07-18,134.050003,134.5,130.649994,134.100006,436000,134.100006
"951",2018-07-19,133.850006,135.5,132.100006,132.850006,246700,132.850006
"952",2018-07-20,133.300003,134.899994,132.449997,133.350006,307700,133.350006
"953",2018-07-23,132.800003,135.100006,131.699997,133.949997,400200,133.949997
"954",2018-07-24,135.25,135.675003,130.5,132.300003,492500,132.300003
"955",2018-07-25,132.399994,136.300003,132.399994,135.300003,339900,135.300003
"956",2018-07-26,133.399994,136.75,132.205002,134.300003,418700,134.300003
"957",2018-07-27,134.300003,135.149994,125.438004,127.849998,507000,127.849998
"958",2018-07-30,128.600006,128.75,122,124.050003,760100,124.050003
"959",2018-07-31,124.199997,127.574997,122.75,124.099998,596200,124.099998
"960",2018-08-01,124.199997,130.5,124.199997,128.600006,895100,128.600006
"961",2018-08-02,119.800003,126.050003,119,122.800003,1427500,122.800003
"962",2018-08-03,123.349998,124.300003,119.849998,120.699997,479100,120.699997
"963",2018-08-06,120.550003,126.800003,120,125.449997,555900,125.449997
"964",2018-08-07,126.199997,128.199997,125.355003,127.900002,303800,127.900002
"965",2018-08-08,128.100006,129.600006,126.949997,128.300003,444600,128.300003
"966",2018-08-09,128.5,129.949997,127.849998,129.25,547400,129.25
"967",2018-08-10,128.100006,132.25,128.100006,130.649994,410200,130.649994
"968",2018-08-13,130.5,132.649994,129.800003,130.949997,463200,130.949997
"969",2018-08-14,131.5,131.899994,127.599998,130.800003,351200,130.800003
"970",2018-08-15,129.699997,130.699997,123.900002,125.849998,523600,125.849998
"971",2018-08-16,126.900002,126.949997,124.300003,125,485000,125
"972",2018-08-17,125.25,125.75,122.449997,125.699997,482000,125.699997
"973",2018-08-20,125.849998,127.050003,123.75,126.5,355800,126.5
"974",2018-08-21,127,132.850006,127,131.850006,652600,131.850006
"975",2018-08-22,131.399994,135.449997,131.399994,134.649994,347400,134.649994
"976",2018-08-23,135,138.449997,134.375,137.100006,525000,137.100006
"977",2018-08-24,138.100006,141.75,138,140.350006,316500,140.350006
"978",2018-08-27,141.649994,143,139.550003,142.75,392500,142.75
"979",2018-08-28,143.100006,144,141.800003,142.949997,335600,142.949997
"980",2018-08-29,143.149994,144.550003,142.300003,142.899994,318300,142.899994
"981",2018-08-30,142,143.449997,140.350006,142.800003,395000,142.800003
"982",2018-08-31,142.149994,144.244995,141.449997,143.699997,300500,143.699997
